date,channel,total_spend,attributed_orders,attributed_revenue,day_of_week,promo_flag,week_index
2025-07-04,email,19566.32,20.0,123248.3,Friday,1,0
2025-07-04,organic,5380.51,14.0,64098.51,Friday,1,0
2025-07-04,paid_social,157932.61,30.0,152446.28,Friday,1,0
2025-07-04,referral,32210.79,6.0,37622.67,Friday,1,0
2025-07-04,search,188257.71,43.0,243962.18,Friday,1,0
2025-07-05,email,18352.15,14.0,67385.24,Saturday,0,0
2025-07-05,organic,4010.76,11.0,65332.79,Saturday,0,0
2025-07-05,paid_social,130147.97,11.0,49038.96,Saturday,0,0
2025-07-05,referral,32529.45,3.0,21740.03,Saturday,0,0
2025-07-05,search,159676.14,34.0,215296.92,Saturday,0,0
2025-07-06,email,17708.52,16.0,112209.0,Sunday,0,0
2025-07-06,organic,4565.21,4.0,21258.460000000003,Sunday,0,0
2025-07-06,paid_social,126196.48,11.0,55087.57,Sunday,0,0
2025-07-06,referral,29244.95,3.0,17676.21,Sunday,0,0
2025-07-06,search,164394.8,23.0,172437.26,Sunday,0,0
2025-07-07,email,16110.2,16.0,84911.56999999999,Monday,0,0
2025-07-07,organic,3856.91,3.0,29556.18,Monday,0,0
2025-07-07,paid_social,117923.28,15.0,114093.09,Monday,0,0
2025-07-07,referral,29280.44,8.0,57492.23,Monday,0,0
2025-07-07,search,142097.27000000002,38.0,256530.38,Monday,0,0
2025-07-08,email,16823.84,11.0,76576.5,Tuesday,0,0
2025-07-08,organic,3983.4300000000003,7.0,54191.56,Tuesday,0,0
2025-07-08,paid_social,112896.66,12.0,59661.409999999996,Tuesday,0,0
2025-07-08,referral,28023.88,5.0,25856.280000000002,Tuesday,0,0
2025-07-08,search,164299.43,39.0,271316.08999999997,Tuesday,0,0
2025-07-09,email,15581.03,10.0,61879.52,Wednesday,0,0
2025-07-09,organic,4299.44,6.0,35246.53,Wednesday,0,0
2025-07-09,paid_social,103999.9,12.0,48765.58,Wednesday,0,0
2025-07-09,referral,25101.84,6.0,32599.6,Wednesday,0,0
2025-07-09,search,121643.62,21.0,149098.68,Wednesday,0,0
2025-07-10,email,15100.42,8.0,62885.380000000005,Thursday,0,0
2025-07-10,organic,4000.9900000000002,11.0,71387.22,Thursday,0,0
2025-07-10,paid_social,98717.89,10.0,53613.4,Thursday,0,0
2025-07-10,referral,30758.420000000002,4.0,37263.06,Thursday,0,0
2025-07-10,search,132412.64,36.0,227407.78,Thursday,0,0
2025-07-11,email,18312.05,9.0,68278.33,Friday,0,1
2025-07-11,organic,3884.63,11.0,68785.85,Friday,0,1
2025-07-11,paid_social,126939.26,15.0,83897.39,Friday,0,1
2025-07-11,referral,25529.19,2.0,12119.09,Friday,0,1
2025-07-11,search,147756.83000000002,27.0,182009.38999999998,Friday,0,1
2025-07-12,email,17417.079999999998,17.0,142445.56,Saturday,0,1
2025-07-12,organic,3601.62,8.0,33999.35,Saturday,0,1
2025-07-12,paid_social,110709.56999999999,11.0,57923.52,Saturday,0,1
2025-07-12,referral,32635.16,6.0,41736.57,Saturday,0,1
2025-07-12,search,152796.52,25.0,183154.37,Saturday,0,1
2025-07-13,email,21663.329999999998,28.0,200681.59,Sunday,1,1
2025-07-13,organic,5270.34,15.0,88827.56,Sunday,1,1
2025-07-13,paid_social,173139.99,29.0,155421.79,Sunday,1,1
2025-07-13,referral,43413.01,11.0,60513.26,Sunday,1,1
2025-07-13,search,206584.52,39.0,202005.05,Sunday,1,1
2025-07-14,email,16675.129999999997,12.0,91851.85,Monday,0,1
2025-07-14,organic,3758.0,9.0,76230.31,Monday,0,1
2025-07-14,paid_social,121136.74,15.0,71035.84,Monday,0,1
2025-07-14,referral,26919.32,4.0,25599.18,Monday,0,1
2025-07-14,search,131384.79,31.0,227526.94999999998,Monday,0,1
2025-07-15,email,14510.97,9.0,47652.98,Tuesday,0,1
2025-07-15,organic,4215.09,8.0,47813.509999999995,Tuesday,0,1
2025-07-15,paid_social,114105.85,13.0,58197.76,Tuesday,0,1
2025-07-15,referral,24761.54,8.0,43265.96,Tuesday,0,1
2025-07-15,search,142963.8,39.0,241289.53,Tuesday,0,1
2025-07-16,email,15747.42,9.0,68926.73999999999,Wednesday,0,1
2025-07-16,organic,4215.59,5.0,25719.7,Wednesday,0,1
2025-07-16,paid_social,117526.5,8.0,44310.84,Wednesday,0,1
2025-07-16,referral,29653.21,3.0,24888.870000000003,Wednesday,0,1
2025-07-16,search,110627.47,21.0,136807.67,Wednesday,0,1
2025-07-17,email,14927.800000000001,7.0,22932.77,Thursday,0,1
2025-07-17,organic,3811.99,10.0,52966.86,Thursday,0,1
2025-07-17,paid_social,119941.52,20.0,83357.7,Thursday,0,1
2025-07-17,referral,28436.7,4.0,36800.97,Thursday,0,1
2025-07-17,search,174418.03,39.0,302923.89,Thursday,0,1
2025-07-18,email,16103.81,12.0,88183.89,Friday,0,2
2025-07-18,organic,4161.18,9.0,68742.66,Friday,0,2
2025-07-18,paid_social,114297.72,12.0,49624.03,Friday,0,2
2025-07-18,referral,32166.12,6.0,40339.64,Friday,0,2
2025-07-18,search,179857.0,38.0,358862.63,Friday,0,2
2025-07-19,email,17858.19,9.0,46926.04,Saturday,0,2
2025-07-19,organic,4365.1900000000005,11.0,74987.37,Saturday,0,2
2025-07-19,paid_social,126266.34,17.0,106311.41,Saturday,0,2
2025-07-19,referral,33482.46,9.0,70085.70999999999,Saturday,0,2
2025-07-19,search,143372.95,36.0,243225.74,Saturday,0,2
2025-07-20,email,19055.82,19.0,97841.77,Sunday,0,2
2025-07-20,organic,3718.44,19.0,85802.86,Sunday,0,2
2025-07-20,paid_social,151109.04,13.0,166780.07,Sunday,0,2
2025-07-20,referral,32120.98,4.0,16313.380000000001,Sunday,0,2
2025-07-20,search,187189.37,28.0,196025.93,Sunday,0,2
2025-07-21,email,15359.34,11.0,91613.58,Monday,0,2
2025-07-21,organic,4137.04,10.0,53862.78,Monday,0,2
2025-07-21,paid_social,134805.76,9.0,47969.45,Monday,0,2
2025-07-21,referral,27835.2,1.0,7162.02,Monday,0,2
2025-07-21,search,141601.0,28.0,267506.96,Monday,0,2
2025-07-22,email,15275.43,7.0,22785.99,Tuesday,0,2
2025-07-22,organic,3957.68,10.0,66644.02,Tuesday,0,2
2025-07-22,paid_social,108876.66,10.0,49967.479999999996,Tuesday,0,2
2025-07-22,referral,25894.97,3.0,19385.84,Tuesday,0,2
2025-07-22,search,133407.05,41.0,264366.66,Tuesday,0,2
2025-07-23,email,18267.97,19.0,102849.15000000001,Wednesday,0,2
2025-07-23,organic,3919.15,2.0,11839.130000000001,Wednesday,0,2
2025-07-23,paid_social,117877.34,18.0,87221.74,Wednesday,0,2
2025-07-23,referral,30119.83,4.0,29840.38,Wednesday,0,2
2025-07-23,search,145621.53,14.0,72843.77,Wednesday,0,2
2025-07-24,email,11762.55,14.0,64357.05,Thursday,0,2
2025-07-24,organic,3791.79,12.0,83071.19,Thursday,0,2
2025-07-24,paid_social,111041.96,8.0,51914.91,Thursday,0,2
2025-07-24,referral,26275.54,2.0,19506.510000000002,Thursday,0,2
2025-07-24,search,113524.91,24.0,156676.08,Thursday,0,2
2025-07-25,email,16424.04,20.0,135473.72,Friday,0,3
2025-07-25,organic,4137.76,8.0,50804.06,Friday,0,3
2025-07-25,paid_social,122060.12,21.0,133731.89,Friday,0,3
2025-07-25,referral,28336.66,8.0,49055.28,Friday,0,3
2025-07-25,search,152349.72,30.0,168294.98,Friday,0,3
2025-07-26,email,17473.39,13.0,113683.64,Saturday,0,3
2025-07-26,organic,4659.77,9.0,66340.7,Saturday,0,3
2025-07-26,paid_social,140952.79,12.0,50011.51,Saturday,0,3
2025-07-26,referral,30627.5,8.0,47849.49,Saturday,0,3
2025-07-26,search,129928.97,29.0,197519.97,Saturday,0,3
2025-07-27,email,18269.57,17.0,115298.7,Sunday,0,3
2025-07-27,organic,3971.09,7.0,52996.04000000001,Sunday,0,3
2025-07-27,paid_social,116453.6,12.0,91091.39,Sunday,0,3
2025-07-27,referral,33038.49,9.0,41802.59,Sunday,0,3
2025-07-27,search,143744.13,31.0,240480.28,Sunday,0,3
2025-07-28,email,14523.18,7.0,37436.97,Monday,0,3
2025-07-28,organic,4694.21,10.0,45911.87,Monday,0,3
2025-07-28,paid_social,125284.3,17.0,135138.96,Monday,0,3
2025-07-28,referral,28265.45,9.0,67329.59000000001,Monday,0,3
2025-07-28,search,128644.02,32.0,209311.3,Monday,0,3
2025-07-29,email,14865.73,6.0,44422.43,Tuesday,0,3
2025-07-29,organic,3868.3999999999996,6.0,27700.14,Tuesday,0,3
2025-07-29,paid_social,125516.22,11.0,48699.2,Tuesday,0,3
2025-07-29,referral,28963.95,3.0,81588.76999999999,Tuesday,0,3
2025-07-29,search,139364.48,31.0,246860.84,Tuesday,0,3
2025-07-30,email,14177.78,14.0,84251.65,Wednesday,0,3
2025-07-30,organic,3779.45,3.0,34304.880000000005,Wednesday,0,3
2025-07-30,paid_social,108261.37000000001,7.0,26024.12,Wednesday,0,3
2025-07-30,referral,27335.67,9.0,56516.87,Wednesday,0,3
2025-07-30,search,148290.46000000002,31.0,237816.46,Wednesday,0,3
2025-07-31,email,15319.91,14.0,102523.31,Thursday,0,3
2025-07-31,organic,4160.95,13.0,68633.34,Thursday,0,3
2025-07-31,paid_social,131671.87,6.0,31367.05,Thursday,0,3
2025-07-31,referral,27399.33,3.0,16210.119999999999,Thursday,0,3
2025-07-31,search,158379.74,34.0,278059.32,Thursday,0,3
2025-08-01,email,16548.37,8.0,42017.65,Friday,0,4
2025-08-01,organic,4345.49,3.0,23229.73,Friday,0,4
2025-08-01,paid_social,110016.36,12.0,53601.68,Friday,0,4
2025-08-01,referral,30516.010000000002,1.0,10720.87,Friday,0,4
2025-08-01,search,146014.85,38.0,244318.07,Friday,0,4
2025-08-02,email,16285.82,11.0,105458.42,Saturday,0,4
2025-08-02,organic,4880.07,10.0,61332.520000000004,Saturday,0,4
2025-08-02,paid_social,137969.15,14.0,79392.87,Saturday,0,4
2025-08-02,referral,29826.16,3.0,10944.86,Saturday,0,4
2025-08-02,search,156028.84,27.0,193179.52000000002,Saturday,0,4
2025-08-03,email,18529.43,9.0,54937.95,Sunday,0,4
2025-08-03,organic,4433.45,9.0,77505.46,Sunday,0,4
2025-08-03,paid_social,144336.31,9.0,50822.369999999995,Sunday,0,4
2025-08-03,referral,33877.36,2.0,12043.099999999999,Sunday,0,4
2025-08-03,search,171931.16,20.0,159336.66999999998,Sunday,0,4
2025-08-04,email,15360.92,9.0,53526.020000000004,Monday,0,4
2025-08-04,organic,4404.38,5.0,33132.17,Monday,0,4
2025-08-04,paid_social,134403.97,9.0,76166.77,Monday,0,4
2025-08-04,referral,25540.34,1.0,19588.03,Monday,0,4
2025-08-04,search,135502.83,30.0,186699.80000000002,Monday,0,4
2025-08-05,email,15721.8,12.0,70798.22,Tuesday,0,4
2025-08-05,organic,4003.31,6.0,48658.52,Tuesday,0,4
2025-08-05,paid_social,100988.65,10.0,51391.01,Tuesday,0,4
2025-08-05,referral,27629.02,8.0,38856.76,Tuesday,0,4
2025-08-05,search,150324.34,21.0,122011.31,Tuesday,0,4
2025-08-06,email,13483.35,16.0,122499.95000000001,Wednesday,0,4
2025-08-06,organic,3994.59,6.0,33633.77,Wednesday,0,4
2025-08-06,paid_social,110320.01999999999,11.0,67226.47,Wednesday,0,4
2025-08-06,referral,32643.64,0.0,0.0,Wednesday,0,4
2025-08-06,search,127808.87,25.0,180618.86,Wednesday,0,4
2025-08-07,email,16566.38,9.0,43819.0,Thursday,0,4
2025-08-07,organic,3598.75,5.0,33351.64,Thursday,0,4
2025-08-07,paid_social,117607.79000000001,16.0,94106.94,Thursday,0,4
2025-08-07,referral,26682.59,5.0,22999.15,Thursday,0,4
2025-08-07,search,131150.44,27.0,163642.79,Thursday,0,4
2025-08-08,email,18638.49,16.0,95211.9,Friday,0,5
2025-08-08,organic,4606.04,10.0,54016.73,Friday,0,5
2025-08-08,paid_social,130434.79000000001,22.0,148034.34,Friday,0,5
2025-08-08,referral,32417.809999999998,3.0,16591.45,Friday,0,5
2025-08-08,search,169433.13,40.0,255565.97000000003,Friday,0,5
2025-08-09,email,14691.5,13.0,66558.76000000001,Saturday,0,5
2025-08-09,organic,5212.26,11.0,66934.66,Saturday,0,5
2025-08-09,paid_social,131125.48,25.0,188963.25,Saturday,0,5
2025-08-09,referral,32226.5,2.0,8353.45,Saturday,0,5
2025-08-09,search,146999.53,32.0,217470.4,Saturday,0,5
2025-08-10,email,16733.21,13.0,86816.4,Sunday,0,5
2025-08-10,organic,4557.5,13.0,90646.73,Sunday,0,5
2025-08-10,paid_social,154874.69,19.0,117202.91,Sunday,0,5
2025-08-10,referral,33692.95,4.0,29110.11,Sunday,0,5
2025-08-10,search,178151.22,27.0,175529.97,Sunday,0,5
2025-08-11,email,19002.79,21.0,115301.12000000001,Monday,1,5
2025-08-11,organic,5186.9,20.0,136930.08,Monday,1,5
2025-08-11,paid_social,156070.28,23.0,133199.05000000002,Monday,1,5
2025-08-11,referral,33397.15,4.0,20760.33,Monday,1,5
2025-08-11,search,177070.05,44.0,348731.99,Monday,1,5
2025-08-12,email,16980.12,15.0,99851.78,Tuesday,0,5
2025-08-12,organic,3619.91,7.0,47821.21000000001,Tuesday,0,5
2025-08-12,paid_social,116420.65000000001,7.0,33385.47,Tuesday,0,5
2025-08-12,referral,29868.58,1.0,9966.77,Tuesday,0,5
2025-08-12,search,121154.06,27.0,220649.87,Tuesday,0,5
2025-08-13,email,17988.09,19.0,100381.26,Wednesday,1,5
2025-08-13,organic,4248.38,15.0,111692.63,Wednesday,1,5
2025-08-13,paid_social,155867.94,10.0,55304.42,Wednesday,1,5
2025-08-13,referral,38923.17,5.0,41498.28,Wednesday,1,5
2025-08-13,search,163617.46,44.0,236995.19,Wednesday,1,5
2025-08-14,email,17275.27,18.0,89051.28,Thursday,1,5
2025-08-14,organic,4948.45,6.0,35084.57,Thursday,1,5
2025-08-14,paid_social,149923.65,25.0,155651.62,Thursday,1,5
2025-08-14,referral,34581.08,6.0,57759.770000000004,Thursday,1,5
2025-08-14,search,202946.47,39.0,232540.29,Thursday,1,5
2025-08-15,email,22836.03,30.0,210698.11,Friday,1,6
2025-08-15,organic,5186.66,12.0,83550.38,Friday,1,6
2025-08-15,paid_social,158687.54,25.0,139407.25,Friday,1,6
2025-08-15,referral,28618.67,10.0,66262.95,Friday,1,6
2025-08-15,search,185183.65,42.0,255439.41999999998,Friday,1,6
2025-08-16,email,23232.63,39.0,265031.2,Saturday,1,6
2025-08-16,organic,6257.63,13.0,102512.9,Saturday,1,6
2025-08-16,paid_social,161713.04,28.0,132457.16,Saturday,1,6
2025-08-16,referral,38542.270000000004,12.0,71869.6,Saturday,1,6
2025-08-16,search,239157.44,33.0,183096.13,Saturday,1,6
2025-08-17,email,22974.48,23.0,159973.21,Sunday,1,6
2025-08-17,organic,5139.41,23.0,155693.68,Sunday,1,6
2025-08-17,paid_social,176795.85,23.0,112483.5,Sunday,1,6
2025-08-17,referral,41133.17,8.0,58945.82,Sunday,1,6
2025-08-17,search,226730.72,34.0,210424.68,Sunday,1,6
2025-08-18,email,20606.14,19.0,81764.93,Monday,1,6
2025-08-18,organic,4470.389999999999,7.0,42564.81,Monday,1,6
2025-08-18,paid_social,140041.01,21.0,113064.49,Monday,1,6
2025-08-18,referral,33531.51,11.0,57745.73,Monday,1,6
2025-08-18,search,180857.56,31.0,190202.94,Monday,1,6
2025-08-19,email,17870.6,24.0,158591.85,Tuesday,1,6
2025-08-19,organic,4670.41,13.0,51784.86,Tuesday,1,6
2025-08-19,paid_social,163884.86,20.0,124517.58,Tuesday,1,6
2025-08-19,referral,39561.92,13.0,68478.01,Tuesday,1,6
2025-08-19,search,169214.66,36.0,213420.35,Tuesday,1,6
2025-08-20,email,19435.95,19.0,117471.15,Wednesday,1,6
2025-08-20,organic,5088.93,15.0,90811.57,Wednesday,1,6
2025-08-20,paid_social,141428.79,19.0,130047.5,Wednesday,1,6
2025-08-20,referral,40874.729999999996,11.0,63733.13,Wednesday,1,6
2025-08-20,search,146661.31,42.0,254914.66,Wednesday,1,6
2025-08-21,email,15366.23,12.0,71029.9,Thursday,0,6
2025-08-21,organic,3464.61,8.0,29629.76,Thursday,0,6
2025-08-21,paid_social,116277.18,9.0,65090.479999999996,Thursday,0,6
2025-08-21,referral,27371.05,4.0,14664.259999999998,Thursday,0,6
2025-08-21,search,139741.5,32.0,204449.28,Thursday,0,6
2025-08-22,email,15525.51,7.0,47134.74,Friday,0,7
2025-08-22,organic,3930.2599999999998,6.0,23813.870000000003,Friday,0,7
2025-08-22,paid_social,142075.41,13.0,88041.02,Friday,0,7
2025-08-22,referral,28915.030000000002,5.0,34492.130000000005,Friday,0,7
2025-08-22,search,150545.18,38.0,284000.63,Friday,0,7
2025-08-23,email,12125.38,14.0,112938.57999999999,Saturday,0,7
2025-08-23,organic,5018.55,13.0,62001.17,Saturday,0,7
2025-08-23,paid_social,142307.6,7.0,50465.399999999994,Saturday,0,7
2025-08-23,referral,37438.729999999996,4.0,23654.190000000002,Saturday,0,7
2025-08-23,search,138486.51,27.0,294758.39,Saturday,0,7
2025-08-24,email,17633.16,12.0,65564.02,Sunday,0,7
2025-08-24,organic,4857.42,5.0,38740.11,Sunday,0,7
2025-08-24,paid_social,124470.12,12.0,86734.48000000001,Sunday,0,7
2025-08-24,referral,36329.34,8.0,56399.729999999996,Sunday,0,7
2025-08-24,search,160056.88999999998,33.0,210737.28999999998,Sunday,0,7
2025-08-25,email,15228.18,15.0,101963.69,Monday,0,7
2025-08-25,organic,2905.34,8.0,49428.06,Monday,0,7
2025-08-25,paid_social,113487.51999999999,7.0,61843.43,Monday,0,7
2025-08-25,referral,26978.35,6.0,24122.33,Monday,0,7
2025-08-25,search,152950.96,30.0,197208.03,Monday,0,7
2025-08-26,email,13942.12,13.0,66296.64,Tuesday,0,7
2025-08-26,organic,4610.32,8.0,53461.869999999995,Tuesday,0,7
2025-08-26,paid_social,144285.34,10.0,77075.96,Tuesday,0,7
2025-08-26,referral,25713.64,12.0,76786.68,Tuesday,0,7
2025-08-26,search,130106.28,29.0,164026.77,Tuesday,0,7
2025-08-27,email,16798.24,11.0,86731.56,Wednesday,0,7
2025-08-27,organic,4706.49,8.0,71399.72,Wednesday,0,7
2025-08-27,paid_social,111496.89,13.0,79834.65,Wednesday,0,7
2025-08-27,referral,24856.690000000002,5.0,32947.54,Wednesday,0,7
2025-08-27,search,120581.28,32.0,246309.97,Wednesday,0,7
2025-08-28,email,17192.97,12.0,87924.18000000001,Thursday,0,7
2025-08-28,organic,3835.2799999999997,11.0,70088.19,Thursday,0,7
2025-08-28,paid_social,135738.88,15.0,63841.45999999999,Thursday,0,7
2025-08-28,referral,28170.809999999998,6.0,32789.29,Thursday,0,7
2025-08-28,search,128202.56999999999,26.0,158262.13,Thursday,0,7
2025-08-29,email,16357.92,13.0,80855.67000000001,Friday,0,8
2025-08-29,organic,4609.6,3.0,12257.51,Friday,0,8
2025-08-29,paid_social,119722.24,17.0,65949.51,Friday,0,8
2025-08-29,referral,27413.85,8.0,54190.27,Friday,0,8
2025-08-29,search,132968.49,17.0,110239.79000000001,Friday,0,8
2025-08-30,email,19395.76,13.0,77551.8,Saturday,0,8
2025-08-30,organic,4882.1900000000005,9.0,53877.240000000005,Saturday,0,8
2025-08-30,paid_social,121651.77,13.0,57215.03,Saturday,0,8
2025-08-30,referral,29939.260000000002,10.0,62278.9,Saturday,0,8
2025-08-30,search,167068.35,31.0,189990.88,Saturday,0,8
2025-08-31,email,16801.04,5.0,39145.68,Sunday,0,8
2025-08-31,organic,4856.02,8.0,35312.32,Sunday,0,8
2025-08-31,paid_social,160159.37,18.0,120974.89,Sunday,0,8
2025-08-31,referral,30803.48,4.0,21472.95,Sunday,0,8
2025-08-31,search,168971.71000000002,27.0,134647.22,Sunday,0,8
2025-09-01,email,14378.01,10.0,63178.29,Monday,0,8
2025-09-01,organic,4153.4800000000005,6.0,107525.18,Monday,0,8
2025-09-01,paid_social,113595.7,10.0,38008.880000000005,Monday,0,8
2025-09-01,referral,28778.47,9.0,66906.29,Monday,0,8
2025-09-01,search,141818.02,31.0,193198.77,Monday,0,8
2025-09-02,email,16340.48,7.0,46775.88,Tuesday,0,8
2025-09-02,organic,4636.78,3.0,11419.87,Tuesday,0,8
2025-09-02,paid_social,109376.98999999999,9.0,38753.57,Tuesday,0,8
2025-09-02,referral,23761.3,4.0,46973.299999999996,Tuesday,0,8
2025-09-02,search,142518.58000000002,24.0,151933.0,Tuesday,0,8
2025-09-03,email,16997.65,14.0,118610.78,Wednesday,0,8
2025-09-03,organic,3561.9900000000002,4.0,24575.96,Wednesday,0,8
2025-09-03,paid_social,101884.83,10.0,64755.5,Wednesday,0,8
2025-09-03,referral,28687.3,5.0,42846.5,Wednesday,0,8
2025-09-03,search,154228.91999999998,24.0,155098.29,Wednesday,0,8
2025-09-04,email,15926.91,7.0,41547.240000000005,Thursday,0,8
2025-09-04,organic,4076.44,4.0,29780.0,Thursday,0,8
2025-09-04,paid_social,114340.73999999999,14.0,72545.92,Thursday,0,8
2025-09-04,referral,29603.43,3.0,20271.969999999998,Thursday,0,8
2025-09-04,search,138165.52,30.0,187850.52,Thursday,0,8
2025-09-05,email,17442.2,7.0,36270.28,Friday,0,9
2025-09-05,organic,5035.7,7.0,37324.33,Friday,0,9
2025-09-05,paid_social,111684.77,12.0,72056.23,Friday,0,9
2025-09-05,referral,31389.22,5.0,40360.759999999995,Friday,0,9
2025-09-05,search,143516.35,31.0,216123.85,Friday,0,9
2025-09-06,email,16996.15,12.0,69965.92000000001,Saturday,0,9
2025-09-06,organic,4319.55,6.0,31558.010000000002,Saturday,0,9
2025-09-06,paid_social,145436.78,10.0,49659.740000000005,Saturday,0,9
2025-09-06,referral,30039.22,3.0,29376.22,Saturday,0,9
2025-09-06,search,174477.51,20.0,172512.64,Saturday,0,9
2025-09-07,email,18810.88,15.0,93466.48,Sunday,0,9
2025-09-07,organic,5069.3,13.0,54485.64,Sunday,0,9
2025-09-07,paid_social,169294.54,15.0,92914.17,Sunday,0,9
2025-09-07,referral,29532.27,3.0,20437.5,Sunday,0,9
2025-09-07,search,169562.49,35.0,238933.59,Sunday,0,9
2025-09-08,email,16621.55,13.0,131996.22,Monday,0,9
2025-09-08,organic,4542.88,8.0,66367.53,Monday,0,9
2025-09-08,paid_social,117337.32,12.0,79402.76999999999,Monday,0,9
2025-09-08,referral,28730.53,6.0,116066.20999999999,Monday,0,9
2025-09-08,search,150271.73,30.0,185118.41,Monday,0,9
2025-09-09,email,14928.94,18.0,96453.55000000002,Tuesday,0,9
2025-09-09,organic,4001.8,6.0,48917.54,Tuesday,0,9
2025-09-09,paid_social,126728.16,11.0,74441.67,Tuesday,0,9
2025-09-09,referral,27668.95,4.0,20723.88,Tuesday,0,9
2025-09-09,search,138955.38,28.0,159747.67,Tuesday,0,9
2025-09-10,email,14351.99,13.0,64414.56,Wednesday,0,9
2025-09-10,organic,3406.33,9.0,81305.39,Wednesday,0,9
2025-09-10,paid_social,109178.94,17.0,102990.5,Wednesday,0,9
2025-09-10,referral,28756.52,4.0,29218.71,Wednesday,0,9
2025-09-10,search,149171.13,39.0,281658.97000000003,Wednesday,0,9
2025-09-11,email,17255.36,20.0,155421.05000000002,Thursday,0,9
2025-09-11,organic,4174.46,13.0,68030.93,Thursday,0,9
2025-09-11,paid_social,112581.81,22.0,121488.1,Thursday,0,9
2025-09-11,referral,31668.16,8.0,59644.97,Thursday,0,9
2025-09-11,search,149228.76,26.0,152804.19,Thursday,0,9
2025-09-12,email,18542.67,17.0,115638.14,Friday,0,10
2025-09-12,organic,4477.57,4.0,17245.32,Friday,0,10
2025-09-12,paid_social,143337.99,20.0,119241.62,Friday,0,10
2025-09-12,referral,29140.3,5.0,39481.82,Friday,0,10
2025-09-12,search,157101.89,30.0,234711.66,Friday,0,10
2025-09-13,email,17601.170000000002,19.0,192920.71,Saturday,0,10
2025-09-13,organic,4675.28,10.0,74455.68,Saturday,0,10
2025-09-13,paid_social,134767.51,9.0,49118.09,Saturday,0,10
2025-09-13,referral,32228.850000000002,6.0,40214.93,Saturday,0,10
2025-09-13,search,152510.01,34.0,249178.40999999997,Saturday,0,10
2025-09-14,email,18980.7,11.0,68796.33,Sunday,0,10
2025-09-14,organic,4697.92,9.0,64589.97,Sunday,0,10
2025-09-14,paid_social,135982.34,13.0,62920.32,Sunday,0,10
2025-09-14,referral,32576.52,4.0,18925.059999999998,Sunday,0,10
2025-09-14,search,171608.1,30.0,200519.77,Sunday,0,10
2025-09-15,email,16136.86,15.0,114561.20999999999,Monday,0,10
2025-09-15,organic,3539.46,11.0,54531.89,Monday,0,10
2025-09-15,paid_social,137664.59,13.0,71207.59,Monday,0,10
2025-09-15,referral,28071.73,9.0,55562.45,Monday,0,10
2025-09-15,search,173536.97999999998,31.0,237382.32,Monday,0,10
2025-09-16,email,16811.3,5.0,37461.810000000005,Tuesday,0,10
2025-09-16,organic,4422.36,11.0,68557.89,Tuesday,0,10
2025-09-16,paid_social,124588.05,11.0,58457.41,Tuesday,0,10
2025-09-16,referral,29974.54,7.0,37179.26,Tuesday,0,10
2025-09-16,search,140832.38,27.0,162823.91,Tuesday,0,10
2025-09-17,email,16191.94,14.0,83154.43,Wednesday,0,10
2025-09-17,organic,3931.7,7.0,37638.48,Wednesday,0,10
2025-09-17,paid_social,106389.86,9.0,57387.09,Wednesday,0,10
2025-09-17,referral,28057.54,13.0,96120.97,Wednesday,0,10
2025-09-17,search,145887.35,27.0,170054.29,Wednesday,0,10
2025-09-18,email,16190.59,8.0,51179.71000000001,Thursday,0,10
2025-09-18,organic,3835.32,10.0,57764.84,Thursday,0,10
2025-09-18,paid_social,122448.85,13.0,73649.59000000001,Thursday,0,10
2025-09-18,referral,27194.93,9.0,99942.34999999999,Thursday,0,10
2025-09-18,search,144585.87,28.0,198397.86,Thursday,0,10
2025-09-19,email,19416.7,20.0,117983.84,Friday,0,11
2025-09-19,organic,4014.88,4.0,13583.14,Friday,0,11
2025-09-19,paid_social,118687.73999999999,15.0,70637.87,Friday,0,11
2025-09-19,referral,32532.2,3.0,15113.240000000002,Friday,0,11
2025-09-19,search,155440.02,31.0,166470.88,Friday,0,11
2025-09-20,email,20188.26,9.0,43788.3,Saturday,0,11
2025-09-20,organic,4606.5,16.0,99688.79000000001,Saturday,0,11
2025-09-20,paid_social,131130.03,8.0,36319.37,Saturday,0,11
2025-09-20,referral,29769.59,3.0,27062.68,Saturday,0,11
2025-09-20,search,177280.8,20.0,146375.88,Saturday,0,11
2025-09-21,email,20108.9,13.0,75646.39,Sunday,0,11
2025-09-21,organic,5220.99,11.0,71559.31999999999,Sunday,0,11
2025-09-21,paid_social,134649.06,13.0,71521.33,Sunday,0,11
2025-09-21,referral,29915.09,7.0,41463.44,Sunday,0,11
2025-09-21,search,170444.53999999998,26.0,162699.48,Sunday,0,11
2025-09-22,email,13990.38,16.0,97650.27,Monday,0,11
2025-09-22,organic,3841.65,8.0,46430.67,Monday,0,11
2025-09-22,paid_social,126283.9,12.0,97296.91,Monday,0,11
2025-09-22,referral,33203.78,1.0,21513.26,Monday,0,11
2025-09-22,search,146168.63,34.0,212076.08000000002,Monday,0,11
2025-09-23,email,14841.34,14.0,75033.25,Tuesday,0,11
2025-09-23,organic,3999.95,3.0,26502.409999999996,Tuesday,0,11
2025-09-23,paid_social,123129.92,10.0,60497.60999999999,Tuesday,0,11
2025-09-23,referral,31303.65,10.0,173596.78999999998,Tuesday,0,11
2025-09-23,search,140016.63,33.0,222844.25,Tuesday,0,11
2025-09-24,email,16876.07,10.0,59065.990000000005,Wednesday,0,11
2025-09-24,organic,4401.64,11.0,76339.08,Wednesday,0,11
2025-09-24,paid_social,125345.81,18.0,97475.97,Wednesday,0,11
2025-09-24,referral,29810.74,8.0,52912.81999999999,Wednesday,0,11
2025-09-24,search,123426.23,29.0,195242.83000000002,Wednesday,0,11
2025-09-25,email,19619.28,18.0,126391.64,Thursday,0,11
2025-09-25,organic,4181.51,6.0,31508.09,Thursday,0,11
2025-09-25,paid_social,144208.08000000002,17.0,124663.58,Thursday,0,11
2025-09-25,referral,27968.81,5.0,40590.75,Thursday,0,11
2025-09-25,search,139853.86000000002,16.0,132650.3,Thursday,0,11
2025-09-26,email,14720.32,7.0,52675.33,Friday,0,12
2025-09-26,organic,4795.4400000000005,9.0,44889.41,Friday,0,12
2025-09-26,paid_social,142604.7,15.0,95009.12,Friday,0,12
2025-09-26,referral,27372.01,7.0,61897.840000000004,Friday,0,12
2025-09-26,search,164276.28,41.0,265103.72000000003,Friday,0,12
2025-09-27,email,17883.24,17.0,101397.94,Saturday,0,12
2025-09-27,organic,4384.01,10.0,43162.59,Saturday,0,12
2025-09-27,paid_social,141402.71,13.0,65151.35,Saturday,0,12
2025-09-27,referral,27749.54,10.0,82394.40000000001,Saturday,0,12
2025-09-27,search,178596.03,33.0,218852.62,Saturday,0,12
2025-09-28,email,18442.83,16.0,106645.81000000001,Sunday,0,12
2025-09-28,organic,3829.17,14.0,97819.16,Sunday,0,12
2025-09-28,paid_social,140960.43,16.0,96023.69,Sunday,0,12
2025-09-28,referral,28661.63,2.0,7734.66,Sunday,0,12
2025-09-28,search,179588.66,31.0,264230.08999999997,Sunday,0,12
2025-09-29,email,17429.760000000002,6.0,37038.020000000004,Monday,0,12
2025-09-29,organic,4507.01,10.0,65032.619999999995,Monday,0,12
2025-09-29,paid_social,120897.16,19.0,115799.92,Monday,0,12
2025-09-29,referral,28935.64,0.0,0.0,Monday,0,12
2025-09-29,search,172110.28,26.0,134817.19,Monday,0,12
2025-09-30,email,15361.57,10.0,41579.45,Tuesday,0,12
2025-09-30,organic,4122.41,8.0,44032.96,Tuesday,0,12
2025-09-30,paid_social,124166.78,8.0,31956.39,Tuesday,0,12
2025-09-30,referral,26698.64,2.0,18923.32,Tuesday,0,12
2025-09-30,search,119408.3,48.0,276734.87,Tuesday,0,12
2025-10-01,email,16619.75,20.0,130147.78,Wednesday,0,12
2025-10-01,organic,3363.33,6.0,38237.0,Wednesday,0,12
2025-10-01,paid_social,128373.17,19.0,230624.8,Wednesday,0,12
2025-10-01,referral,26215.8,9.0,76178.1,Wednesday,0,12
2025-10-01,search,157823.61,26.0,148364.47,Wednesday,0,12
2025-10-02,email,19104.09,8.0,43608.21,Thursday,0,12
2025-10-02,organic,4065.12,4.0,32208.710000000003,Thursday,0,12
2025-10-02,paid_social,129355.84,12.0,81372.82,Thursday,0,12
2025-10-02,referral,31909.15,5.0,39471.38,Thursday,0,12
2025-10-02,search,156252.36,32.0,193041.37,Thursday,0,12
2025-10-03,email,20179.77,20.0,119759.49,Friday,0,13
2025-10-03,organic,4012.85,13.0,93706.06,Friday,0,13
2025-10-03,paid_social,148133.8,18.0,65432.1,Friday,0,13
2025-10-03,referral,32483.23,10.0,64485.06,Friday,0,13
2025-10-03,search,153731.31,33.0,212651.34,Friday,0,13
2025-10-04,email,17452.35,18.0,103984.37,Saturday,0,13
2025-10-04,organic,4700.9400000000005,11.0,60380.81,Saturday,0,13
2025-10-04,paid_social,127609.16,14.0,203544.43,Saturday,0,13
2025-10-04,referral,33781.15,6.0,48832.31,Saturday,0,13
2025-10-04,search,171700.47,34.0,239755.88999999998,Saturday,0,13
2025-10-05,email,19014.1,14.0,101151.32,Sunday,0,13
2025-10-05,organic,4727.74,10.0,67046.31999999999,Sunday,0,13
2025-10-05,paid_social,139819.8,19.0,114883.61,Sunday,0,13
2025-10-05,referral,32778.65,8.0,52808.14,Sunday,0,13
2025-10-05,search,174554.30000000002,31.0,208177.87,Sunday,0,13
2025-10-06,email,18139.670000000002,13.0,70659.85,Monday,0,13
2025-10-06,organic,4645.2,9.0,60292.060000000005,Monday,0,13
2025-10-06,paid_social,126641.78,11.0,67686.45999999999,Monday,0,13
2025-10-06,referral,31657.95,4.0,30094.379999999997,Monday,0,13
2025-10-06,search,148917.74,37.0,231311.8,Monday,0,13
2025-10-07,email,19900.28,20.0,138300.97,Tuesday,1,13
2025-10-07,organic,5312.37,9.0,60973.869999999995,Tuesday,1,13
2025-10-07,paid_social,163377.46,25.0,178688.74,Tuesday,1,13
2025-10-07,referral,35526.35,12.0,94891.11,Tuesday,1,13
2025-10-07,search,192374.93,33.0,168631.31,Tuesday,1,13
2025-10-08,email,15345.99,12.0,73514.09,Wednesday,0,13
2025-10-08,organic,3811.49,5.0,32346.03,Wednesday,0,13
2025-10-08,paid_social,115664.07,16.0,110780.81,Wednesday,0,13
2025-10-08,referral,26883.18,7.0,47951.07,Wednesday,0,13
2025-10-08,search,149139.55,23.0,163008.12,Wednesday,0,13
2025-10-09,email,16520.14,13.0,84620.58,Thursday,0,13
2025-10-09,organic,4174.68,9.0,59517.11,Thursday,0,13
2025-10-09,paid_social,127146.39,16.0,104834.87,Thursday,0,13
2025-10-09,referral,31066.71,3.0,24881.07,Thursday,0,13
2025-10-09,search,155146.68,37.0,294875.95,Thursday,0,13
2025-10-10,email,17550.809999999998,14.0,90613.29,Friday,0,14
2025-10-10,organic,5069.08,8.0,44631.35,Friday,0,14
2025-10-10,paid_social,123495.07,9.0,63384.880000000005,Friday,0,14
2025-10-10,referral,34298.68,12.0,60410.479999999996,Friday,0,14
2025-10-10,search,162132.04,28.0,178530.1,Friday,0,14
2025-10-11,email,22047.32,4.0,30047.45,Saturday,0,14
2025-10-11,organic,4867.54,9.0,59242.08,Saturday,0,14
2025-10-11,paid_social,150033.72,13.0,77476.25,Saturday,0,14
2025-10-11,referral,34502.49,2.0,15564.64,Saturday,0,14
2025-10-11,search,193418.97,26.0,173500.22999999998,Saturday,0,14
2025-10-12,email,20970.96,14.0,67690.32,Sunday,0,14
2025-10-12,organic,4974.9400000000005,9.0,82556.58,Sunday,0,14
2025-10-12,paid_social,148141.35,15.0,112035.61,Sunday,0,14
2025-10-12,referral,33100.6,6.0,36070.74,Sunday,0,14
2025-10-12,search,167597.13,26.0,174507.73,Sunday,0,14
2025-10-13,email,17241.45,10.0,53422.56,Monday,0,14
2025-10-13,organic,4665.11,8.0,50890.58,Monday,0,14
2025-10-13,paid_social,124390.95000000001,12.0,82051.09,Monday,0,14
2025-10-13,referral,28407.96,4.0,42905.18,Monday,0,14
2025-10-13,search,150094.51,37.0,237493.95,Monday,0,14
2025-10-14,email,18704.64,11.0,55686.3,Tuesday,0,14
2025-10-14,organic,4403.49,10.0,61310.53,Tuesday,0,14
2025-10-14,paid_social,114608.28,10.0,50430.97,Tuesday,0,14
2025-10-14,referral,27232.16,12.0,73722.52,Tuesday,0,14
2025-10-14,search,152085.43,33.0,230822.36,Tuesday,0,14
2025-10-15,email,16912.59,8.0,49713.15,Wednesday,0,14
2025-10-15,organic,4485.52,8.0,57677.82,Wednesday,0,14
2025-10-15,paid_social,122865.6,21.0,110130.61,Wednesday,0,14
2025-10-15,referral,28699.7,11.0,59874.35,Wednesday,0,14
2025-10-15,search,138892.17,28.0,166198.91,Wednesday,0,14
2025-10-16,email,17737.69,15.0,95678.59,Thursday,0,14
2025-10-16,organic,3958.36,13.0,93836.90000000001,Thursday,0,14
2025-10-16,paid_social,139043.93,13.0,73521.23,Thursday,0,14
2025-10-16,referral,30475.96,4.0,33643.39,Thursday,0,14
2025-10-16,search,142323.24,26.0,186251.59,Thursday,0,14
2025-10-17,email,17644.23,18.0,151583.36000000002,Friday,0,15
2025-10-17,organic,4561.99,8.0,40168.479999999996,Friday,0,15
2025-10-17,paid_social,138298.15,14.0,73205.99,Friday,0,15
2025-10-17,referral,33620.66,5.0,36110.06999999999,Friday,0,15
2025-10-17,search,180026.28,27.0,164378.14,Friday,0,15
2025-10-18,email,20681.52,10.0,91058.34,Saturday,0,15
2025-10-18,organic,4370.42,16.0,89903.01,Saturday,0,15
2025-10-18,paid_social,146720.0,22.0,133350.45,Saturday,0,15
2025-10-18,referral,33299.240000000005,7.0,54257.97,Saturday,0,15
2025-10-18,search,148465.74,31.0,228221.80000000002,Saturday,0,15
2025-10-19,email,19655.68,18.0,119255.59,Sunday,0,15
2025-10-19,organic,4494.61,9.0,63189.21,Sunday,0,15
2025-10-19,paid_social,149135.53,16.0,85980.26,Sunday,0,15
2025-10-19,referral,34003.17,0.0,0.0,Sunday,0,15
2025-10-19,search,183186.47,28.0,182581.37,Sunday,0,15
2025-10-20,email,18816.309999999998,13.0,74509.81,Monday,0,15
2025-10-20,organic,4508.43,6.0,37116.04,Monday,0,15
2025-10-20,paid_social,103468.13,14.0,60808.31,Monday,0,15
2025-10-20,referral,30706.57,3.0,16475.57,Monday,0,15
2025-10-20,search,149182.4,27.0,194583.16,Monday,0,15
2025-10-21,email,15989.07,7.0,53865.71,Tuesday,0,15
2025-10-21,organic,4623.53,7.0,57576.86,Tuesday,0,15
2025-10-21,paid_social,115997.16,19.0,100286.47,Tuesday,0,15
2025-10-21,referral,27782.239999999998,4.0,18302.46,Tuesday,0,15
2025-10-21,search,140023.66,29.0,161605.35,Tuesday,0,15
2025-10-22,email,16411.42,15.0,96159.35,Wednesday,0,15
2025-10-22,organic,4111.8,7.0,59430.56,Wednesday,0,15
2025-10-22,paid_social,122661.62,8.0,67425.36,Wednesday,0,15
2025-10-22,referral,32476.79,6.0,18779.14,Wednesday,0,15
2025-10-22,search,149880.25,26.0,169935.45,Wednesday,0,15
2025-10-23,email,23483.8,29.0,117418.87,Thursday,1,15
2025-10-23,organic,5171.3,6.0,40831.92,Thursday,1,15
2025-10-23,paid_social,170544.12,16.0,58706.14,Thursday,1,15
2025-10-23,referral,40075.14,7.0,44716.66,Thursday,1,15
2025-10-23,search,204086.95,28.0,157403.14,Thursday,1,15
2025-10-24,email,18056.84,14.0,62871.72,Friday,0,16
2025-10-24,organic,4455.93,6.0,36959.11,Friday,0,16
2025-10-24,paid_social,139323.16999999998,17.0,100523.3,Friday,0,16
2025-10-24,referral,36095.9,7.0,50461.92,Friday,0,16
2025-10-24,search,148097.25,30.0,203295.86,Friday,0,16
2025-10-25,email,19675.73,13.0,98967.3,Saturday,0,16
2025-10-25,organic,4598.07,7.0,40278.5,Saturday,0,16
2025-10-25,paid_social,138463.63,14.0,94992.49,Saturday,0,16
2025-10-25,referral,28538.559999999998,4.0,9787.74,Saturday,0,16
2025-10-25,search,150893.48,31.0,243540.16,Saturday,0,16
2025-10-26,email,21271.91,15.0,97133.6,Sunday,0,16
2025-10-26,organic,4602.16,8.0,50068.89,Sunday,0,16
2025-10-26,paid_social,152694.91,17.0,97802.32,Sunday,0,16
2025-10-26,referral,37375.26,6.0,40709.76,Sunday,0,16
2025-10-26,search,186405.91,36.0,279232.26,Sunday,0,16
2025-10-27,email,21863.91,30.0,148942.51,Monday,1,16
2025-10-27,organic,5137.01,22.0,124579.46,Monday,1,16
2025-10-27,paid_social,179607.21,17.0,97027.26999999999,Monday,1,16
2025-10-27,referral,34961.13,5.0,18769.48,Monday,1,16
2025-10-27,search,168326.1,35.0,277489.54,Monday,1,16
2025-10-28,email,16208.45,9.0,71703.07,Tuesday,0,16
2025-10-28,organic,3646.56,4.0,28555.26,Tuesday,0,16
2025-10-28,paid_social,120967.79999999999,16.0,109577.14000000001,Tuesday,0,16
2025-10-28,referral,33048.44,5.0,18903.3,Tuesday,0,16
2025-10-28,search,132125.15,31.0,298302.7,Tuesday,0,16
2025-10-29,email,16030.1,12.0,67333.13,Wednesday,0,16
2025-10-29,organic,4259.06,8.0,42939.01,Wednesday,0,16
2025-10-29,paid_social,124375.29000000001,20.0,92376.09,Wednesday,0,16
2025-10-29,referral,30799.83,7.0,61889.229999999996,Wednesday,0,16
2025-10-29,search,170249.16,35.0,244032.44,Wednesday,0,16
2025-10-30,email,18228.940000000002,10.0,62435.130000000005,Thursday,0,16
2025-10-30,organic,3902.1,7.0,43666.700000000004,Thursday,0,16
2025-10-30,paid_social,149604.14,16.0,68444.18,Thursday,0,16
2025-10-30,referral,28936.24,4.0,22996.379999999997,Thursday,0,16
2025-10-30,search,135744.34,33.0,170693.55,Thursday,0,16
2025-10-31,email,16126.23,10.0,51591.36,Friday,0,17
2025-10-31,organic,4331.02,9.0,49344.91,Friday,0,17
2025-10-31,paid_social,140867.92,17.0,103615.97,Friday,0,17
2025-10-31,referral,27058.16,5.0,41463.18,Friday,0,17
2025-10-31,search,149790.82,29.0,205146.65,Friday,0,17
2025-11-01,email,24838.489999999998,18.0,103457.33,Saturday,1,17
2025-11-01,organic,6886.17,12.0,53787.09,Saturday,1,17
2025-11-01,paid_social,172781.51,13.0,72829.15,Saturday,1,17
2025-11-01,referral,44828.14,7.0,41319.02,Saturday,1,17
2025-11-01,search,210277.67,39.0,217402.98,Saturday,1,17
2025-11-02,email,25414.23,27.0,162101.94,Sunday,1,17
2025-11-02,organic,6155.24,16.0,124499.15,Sunday,1,17
2025-11-02,paid_social,220518.41999999998,19.0,100013.34,Sunday,1,17
2025-11-02,referral,40901.04,12.0,62208.52,Sunday,1,17
2025-11-02,search,230258.3,38.0,263251.44,Sunday,1,17
2025-11-03,email,20055.36,13.0,107385.08,Monday,1,17
2025-11-03,organic,5039.16,20.0,110394.63,Monday,1,17
2025-11-03,paid_social,136240.22,18.0,124141.82,Monday,1,17
2025-11-03,referral,40393.3,8.0,42509.08,Monday,1,17
2025-11-03,search,205105.08,29.0,139600.4,Monday,1,17
2025-11-04,email,20079.02,8.0,42344.03,Tuesday,1,17
2025-11-04,organic,5693.6,13.0,70261.45,Tuesday,1,17
2025-11-04,paid_social,163317.47,22.0,113124.38,Tuesday,1,17
2025-11-04,referral,39732.700000000004,16.0,86754.0,Tuesday,1,17
2025-11-04,search,183152.99,38.0,363132.35,Tuesday,1,17
2025-11-05,email,20801.57,11.0,76508.47,Wednesday,1,17
2025-11-05,organic,4897.84,6.0,29256.129999999997,Wednesday,1,17
2025-11-05,paid_social,143145.99,16.0,81767.81999999999,Wednesday,1,17
2025-11-05,referral,31997.87,7.0,39113.3,Wednesday,1,17
2025-11-05,search,190994.94,38.0,205093.82,Wednesday,1,17
2025-11-06,email,23211.8,23.0,144590.32,Thursday,1,17
2025-11-06,organic,5347.95,16.0,97213.39,Thursday,1,17
2025-11-06,paid_social,154588.6,26.0,105103.25,Thursday,1,17
2025-11-06,referral,36063.67,3.0,10495.68,Thursday,1,17
2025-11-06,search,199365.34,36.0,244379.38999999998,Thursday,1,17
2025-11-07,email,22057.68,31.0,227279.15,Friday,1,18
2025-11-07,organic,6034.01,13.0,62557.94,Friday,1,18
2025-11-07,paid_social,172500.23,30.0,154252.0,Friday,1,18
2025-11-07,referral,39280.45,13.0,76567.56999999999,Friday,1,18
2025-11-07,search,199005.9,27.0,158200.5,Friday,1,18
2025-11-08,email,21491.81,13.0,73342.17,Saturday,0,18
2025-11-08,organic,4638.53,9.0,54596.96,Saturday,0,18
2025-11-08,paid_social,149416.71,18.0,128985.88,Saturday,0,18
2025-11-08,referral,30654.7,6.0,24520.71,Saturday,0,18
2025-11-08,search,142249.22,34.0,271607.26,Saturday,0,18
2025-11-09,email,19435.49,16.0,94416.31,Sunday,0,18
2025-11-09,organic,4481.49,9.0,45963.2,Sunday,0,18
2025-11-09,paid_social,143776.44,24.0,118892.67,Sunday,0,18
2025-11-09,referral,34054.01,8.0,56422.79,Sunday,0,18
2025-11-09,search,172366.5,32.0,204084.03000000003,Sunday,0,18
2025-11-10,email,16841.7,13.0,57735.2,Monday,0,18
2025-11-10,organic,4193.06,9.0,55977.73,Monday,0,18
2025-11-10,paid_social,124230.79999999999,18.0,111281.75,Monday,0,18
2025-11-10,referral,27509.8,7.0,36355.75,Monday,0,18
2025-11-10,search,138856.77,32.0,199010.28999999998,Monday,0,18
2025-11-11,email,17257.27,8.0,56147.39,Tuesday,0,18
2025-11-11,organic,5457.27,10.0,80146.49,Tuesday,0,18
2025-11-11,paid_social,139457.78,22.0,209647.5,Tuesday,0,18
2025-11-11,referral,29042.35,6.0,59262.44,Tuesday,0,18
2025-11-11,search,148628.11,31.0,183783.2,Tuesday,0,18
2025-11-12,email,15003.3,11.0,54394.53,Wednesday,0,18
2025-11-12,organic,5197.5,3.0,15970.59,Wednesday,0,18
2025-11-12,paid_social,142065.69,17.0,95389.18,Wednesday,0,18
2025-11-12,referral,28189.41,9.0,57623.7,Wednesday,0,18
2025-11-12,search,145645.88,31.0,213958.86,Wednesday,0,18
2025-11-13,email,17992.71,13.0,101960.25,Thursday,0,18
2025-11-13,organic,4710.72,7.0,41396.44,Thursday,0,18
2025-11-13,paid_social,122395.3,11.0,66623.0,Thursday,0,18
2025-11-13,referral,28530.86,5.0,42560.38,Thursday,0,18
2025-11-13,search,141270.74,33.0,264725.54,Thursday,0,18
2025-11-14,email,17299.920000000002,5.0,25425.79,Friday,0,19
2025-11-14,organic,5088.09,6.0,58941.85,Friday,0,19
2025-11-14,paid_social,106949.6,11.0,61768.59,Friday,0,19
2025-11-14,referral,34089.09,5.0,35510.17,Friday,0,19
2025-11-14,search,178856.35,43.0,332781.62,Friday,0,19
2025-11-15,email,22411.440000000002,9.0,62077.91,Saturday,0,19
2025-11-15,organic,4663.29,3.0,22399.76,Saturday,0,19
2025-11-15,paid_social,146886.38,10.0,61731.619999999995,Saturday,0,19
2025-11-15,referral,36730.79,1.0,2514.33,Saturday,0,19
2025-11-15,search,172251.99,33.0,305688.92,Saturday,0,19
2025-11-16,email,16632.579999999998,17.0,121120.01000000001,Sunday,0,19
2025-11-16,organic,5293.33,13.0,67615.77,Sunday,0,19
2025-11-16,paid_social,158562.43,15.0,96121.06000000001,Sunday,0,19
2025-11-16,referral,42607.64,13.0,84070.93,Sunday,0,19
2025-11-16,search,182343.79,32.0,189969.91999999998,Sunday,0,19
2025-11-17,email,17827.85,11.0,65024.46000000001,Monday,0,19
2025-11-17,organic,3861.43,13.0,64511.43,Monday,0,19
2025-11-17,paid_social,141390.6,14.0,112843.47,Monday,0,19
2025-11-17,referral,32110.25,10.0,74598.79000000001,Monday,0,19
2025-11-17,search,157330.91,30.0,228590.11,Monday,0,19
2025-11-18,email,16820.32,15.0,103245.48,Tuesday,0,19
2025-11-18,organic,4405.52,13.0,86490.41,Tuesday,0,19
2025-11-18,paid_social,131324.42,11.0,55172.58,Tuesday,0,19
2025-11-18,referral,22650.86,6.0,48892.15,Tuesday,0,19
2025-11-18,search,146463.95,39.0,334502.24,Tuesday,0,19
2025-11-19,email,18925.54,22.0,156244.97,Wednesday,0,19
2025-11-19,organic,4222.610000000001,9.0,50348.65,Wednesday,0,19
2025-11-19,paid_social,101601.26,13.0,88277.58,Wednesday,0,19
2025-11-19,referral,25003.09,8.0,46956.020000000004,Wednesday,0,19
2025-11-19,search,151026.24,32.0,196658.78,Wednesday,0,19
2025-11-20,email,18857.83,12.0,65619.34,Thursday,0,19
2025-11-20,organic,3653.94,8.0,51939.55,Thursday,0,19
2025-11-20,paid_social,133263.13,11.0,36571.3,Thursday,0,19
2025-11-20,referral,31491.28,5.0,31683.93,Thursday,0,19
2025-11-20,search,182486.75,27.0,224932.37,Thursday,0,19
2025-11-21,email,20238.82,10.0,40115.41,Friday,0,20
2025-11-21,organic,4253.23,12.0,86793.09999999999,Friday,0,20
2025-11-21,paid_social,136520.1,8.0,35612.35,Friday,0,20
2025-11-21,referral,32805.37,3.0,14907.49,Friday,0,20
2025-11-21,search,152887.83,25.0,207491.28,Friday,0,20
2025-11-22,email,19039.16,14.0,100142.82,Saturday,0,20
2025-11-22,organic,5036.02,9.0,52930.12,Saturday,0,20
2025-11-22,paid_social,156137.78999999998,26.0,185123.57,Saturday,0,20
2025-11-22,referral,39444.64,8.0,74511.01999999999,Saturday,0,20
2025-11-22,search,174324.02,37.0,233248.33000000002,Saturday,0,20
2025-11-23,email,19425.0,20.0,155593.97,Sunday,0,20
2025-11-23,organic,5685.98,9.0,47225.880000000005,Sunday,0,20
2025-11-23,paid_social,155467.73,16.0,86605.44,Sunday,0,20
2025-11-23,referral,36595.28,7.0,64301.94,Sunday,0,20
2025-11-23,search,181893.22999999998,26.0,187321.41,Sunday,0,20
2025-11-24,email,17849.53,10.0,68459.31,Monday,0,20
2025-11-24,organic,4094.76,12.0,41624.24,Monday,0,20
2025-11-24,paid_social,142600.95,18.0,95919.74999999999,Monday,0,20
2025-11-24,referral,28358.79,5.0,35177.61,Monday,0,20
2025-11-24,search,146051.52,28.0,200313.67,Monday,0,20
2025-11-25,email,18670.56,8.0,23418.829999999998,Tuesday,0,20
2025-11-25,organic,4695.24,17.0,107558.76999999999,Tuesday,0,20
2025-11-25,paid_social,96364.51,15.0,88667.72,Tuesday,0,20
2025-11-25,referral,26199.78,5.0,27731.84,Tuesday,0,20
2025-11-25,search,146464.62,27.0,168525.53,Tuesday,0,20
2025-11-26,email,16309.74,15.0,104033.59,Wednesday,0,20
2025-11-26,organic,3751.52,5.0,44305.909999999996,Wednesday,0,20
2025-11-26,paid_social,126578.88,20.0,117771.98999999999,Wednesday,0,20
2025-11-26,referral,28104.06,6.0,43687.43,Wednesday,0,20
2025-11-26,search,163160.64,29.0,203755.88,Wednesday,0,20
2025-11-27,email,17072.54,19.0,130230.84,Thursday,0,20
2025-11-27,organic,3673.0299999999997,6.0,35540.53,Thursday,0,20
2025-11-27,paid_social,120858.56999999999,14.0,86867.37,Thursday,0,20
2025-11-27,referral,28063.31,5.0,34917.1,Thursday,0,20
2025-11-27,search,154942.62,41.0,269499.63,Thursday,0,20
2025-11-28,email,16788.71,12.0,78518.01999999999,Friday,0,21
2025-11-28,organic,3857.23,6.0,35255.9,Friday,0,21
2025-11-28,paid_social,121025.8,14.0,70839.72,Friday,0,21
2025-11-28,referral,29057.67,13.0,93635.47,Friday,0,21
2025-11-28,search,151320.13,34.0,339451.21,Friday,0,21
2025-11-29,email,13641.79,15.0,129638.07,Saturday,0,21
2025-11-29,organic,4610.1900000000005,8.0,43574.78,Saturday,0,21
2025-11-29,paid_social,155045.34,13.0,65131.39,Saturday,0,21
2025-11-29,referral,37612.08,11.0,95724.02,Saturday,0,21
2025-11-29,search,174621.82,46.0,344822.78,Saturday,0,21
2025-11-30,email,22664.34,12.0,76314.83,Sunday,0,21
2025-11-30,organic,5207.97,11.0,50891.43,Sunday,0,21
2025-11-30,paid_social,156224.35,18.0,92636.06,Sunday,0,21
2025-11-30,referral,37176.36,8.0,58345.36,Sunday,0,21
2025-11-30,search,191358.07,41.0,293167.66000000003,Sunday,0,21
2025-12-01,email,16384.27,13.0,62120.18,Monday,0,21
2025-12-01,organic,4700.5599999999995,17.0,76733.65,Monday,0,21
2025-12-01,paid_social,111298.9,12.0,69995.74,Monday,0,21
2025-12-01,referral,31183.79,10.0,61033.22,Monday,0,21
2025-12-01,search,167999.32,35.0,240166.71,Monday,0,21
2025-12-02,email,18194.88,20.0,143716.78,Tuesday,0,21
2025-12-02,organic,4912.889999999999,7.0,42563.259999999995,Tuesday,0,21
2025-12-02,paid_social,133123.99,7.0,38463.75,Tuesday,0,21
2025-12-02,referral,26900.53,6.0,47392.19,Tuesday,0,21
2025-12-02,search,160881.67,21.0,148697.49,Tuesday,0,21
2025-12-03,email,17379.14,17.0,99903.95,Wednesday,0,21
2025-12-03,organic,3705.66,6.0,34282.119999999995,Wednesday,0,21
2025-12-03,paid_social,138747.82,17.0,118033.78,Wednesday,0,21
2025-12-03,referral,28845.1,4.0,38370.76,Wednesday,0,21
2025-12-03,search,170740.58000000002,21.0,127307.3,Wednesday,0,21
2025-12-04,email,16329.83,10.0,62357.5,Thursday,0,21
2025-12-04,organic,3648.33,11.0,52749.990000000005,Thursday,0,21
2025-12-04,paid_social,141806.23,24.0,128479.91,Thursday,0,21
2025-12-04,referral,30976.28,10.0,54602.2,Thursday,0,21
2025-12-04,search,185178.13,33.0,234332.27,Thursday,0,21
2025-12-05,email,17948.96,3.0,31208.660000000003,Friday,0,22
2025-12-05,organic,4392.62,11.0,62271.17999999999,Friday,0,22
2025-12-05,paid_social,125897.78,17.0,78845.02,Friday,0,22
2025-12-05,referral,34100.14,8.0,81989.01,Friday,0,22
2025-12-05,search,205695.0,31.0,229755.4,Friday,0,22
2025-12-06,email,20322.96,15.0,79739.52,Saturday,0,22
2025-12-06,organic,5055.22,13.0,96712.59999999999,Saturday,0,22
2025-12-06,paid_social,153693.64,15.0,94797.2,Saturday,0,22
2025-12-06,referral,26006.75,7.0,43329.95,Saturday,0,22
2025-12-06,search,195145.57,38.0,291402.26,Saturday,0,22
2025-12-07,email,22156.52,22.0,151702.78,Sunday,0,22
2025-12-07,organic,4824.83,14.0,89235.87999999999,Sunday,0,22
2025-12-07,paid_social,161677.05,9.0,42782.990000000005,Sunday,0,22
2025-12-07,referral,37047.67,8.0,56872.44,Sunday,0,22
2025-12-07,search,172308.29,32.0,228711.51,Sunday,0,22
2025-12-08,email,16322.25,21.0,124386.77,Monday,0,22
2025-12-08,organic,4192.72,5.0,27228.09,Monday,0,22
2025-12-08,paid_social,130537.20999999999,21.0,144899.79,Monday,0,22
2025-12-08,referral,31066.43,11.0,83087.94,Monday,0,22
2025-12-08,search,182020.37,33.0,246520.60000000003,Monday,0,22
2025-12-09,email,18756.97,17.0,101229.31,Tuesday,0,22
2025-12-09,organic,4748.35,7.0,33220.240000000005,Tuesday,0,22
2025-12-09,paid_social,113608.07,16.0,76841.59,Tuesday,0,22
2025-12-09,referral,26940.170000000002,4.0,29006.5,Tuesday,0,22
2025-12-09,search,144818.57,27.0,174441.62,Tuesday,0,22
2025-12-10,email,16241.74,13.0,88196.76,Wednesday,0,22
2025-12-10,organic,4592.51,9.0,43960.83,Wednesday,0,22
2025-12-10,paid_social,116774.93,17.0,98521.01000000001,Wednesday,0,22
2025-12-10,referral,27721.670000000002,5.0,26935.579999999998,Wednesday,0,22
2025-12-10,search,130207.98,33.0,231242.24,Wednesday,0,22
2025-12-11,email,15239.369999999999,15.0,128675.34999999999,Thursday,0,22
2025-12-11,organic,4279.66,11.0,58465.7,Thursday,0,22
2025-12-11,paid_social,133104.24,17.0,72528.29000000001,Thursday,0,22
2025-12-11,referral,21434.2,4.0,20273.100000000002,Thursday,0,22
2025-12-11,search,185277.26,24.0,155523.91999999998,Thursday,0,22
2025-12-12,email,18226.96,14.0,127602.64,Friday,0,23
2025-12-12,organic,4692.9400000000005,10.0,65235.08,Friday,0,23
2025-12-12,paid_social,135900.84,14.0,65881.39,Friday,0,23
2025-12-12,referral,33177.94,10.0,60504.17,Friday,0,23
2025-12-12,search,165181.55,29.0,197864.56,Friday,0,23
2025-12-13,email,19967.93,8.0,47060.3,Saturday,0,23
2025-12-13,organic,4432.53,11.0,67514.35,Saturday,0,23
2025-12-13,paid_social,148626.56,20.0,206592.31,Saturday,0,23
2025-12-13,referral,37504.42,8.0,54880.44,Saturday,0,23
2025-12-13,search,191221.05,44.0,320459.92,Saturday,0,23
2025-12-14,email,18236.57,14.0,93750.59,Sunday,0,23
2025-12-14,organic,5161.86,10.0,75817.66,Sunday,0,23
2025-12-14,paid_social,169012.33000000002,17.0,87060.48,Sunday,0,23
2025-12-14,referral,33939.590000000004,4.0,22254.58,Sunday,0,23
2025-12-14,search,149914.52,36.0,214859.29,Sunday,0,23
2025-12-15,email,18370.43,12.0,94981.0,Monday,0,23
2025-12-15,organic,4656.4400000000005,7.0,29787.97,Monday,0,23
2025-12-15,paid_social,116484.65,20.0,140750.94,Monday,0,23
2025-12-15,referral,30054.19,6.0,43707.979999999996,Monday,0,23
2025-12-15,search,146559.82,31.0,238097.97,Monday,0,23
2025-12-16,email,16529.35,10.0,53945.75,Tuesday,0,23
2025-12-16,organic,4876.4,12.0,70921.35,Tuesday,0,23
2025-12-16,paid_social,133257.26,12.0,79204.25,Tuesday,0,23
2025-12-16,referral,28201.3,4.0,15935.23,Tuesday,0,23
2025-12-16,search,172516.46,30.0,196877.56,Tuesday,0,23
2025-12-17,email,21974.989999999998,11.0,66597.8,Wednesday,0,23
2025-12-17,organic,4211.24,6.0,41642.130000000005,Wednesday,0,23
2025-12-17,paid_social,137774.52000000002,16.0,91199.5,Wednesday,0,23
2025-12-17,referral,28335.06,5.0,25281.85,Wednesday,0,23
2025-12-17,search,155334.6,26.0,156114.53999999998,Wednesday,0,23
2025-12-18,email,17817.37,7.0,58079.93000000001,Thursday,0,23
2025-12-18,organic,4011.94,11.0,60544.58,Thursday,0,23
2025-12-18,paid_social,126397.64,15.0,77647.02,Thursday,0,23
2025-12-18,referral,30051.62,7.0,59708.68,Thursday,0,23
2025-12-18,search,176420.49,36.0,203873.87,Thursday,0,23
2025-12-19,email,18132.86,12.0,58910.71,Friday,0,24
2025-12-19,organic,4306.53,5.0,31158.7,Friday,0,24
2025-12-19,paid_social,135174.64,13.0,66163.32,Friday,0,24
2025-12-19,referral,35344.18,6.0,40346.0,Friday,0,24
2025-12-19,search,160217.34,32.0,202552.7,Friday,0,24
2025-12-20,email,20693.87,23.0,156594.67,Saturday,0,24
2025-12-20,organic,4885.58,12.0,64191.340000000004,Saturday,0,24
2025-12-20,paid_social,143094.19,20.0,80526.57,Saturday,0,24
2025-12-20,referral,34477.39,2.0,9573.64,Saturday,0,24
2025-12-20,search,213958.77,34.0,231817.76,Saturday,0,24
2025-12-21,email,17458.11,13.0,90689.29000000001,Sunday,0,24
2025-12-21,organic,5555.4400000000005,10.0,61145.11,Sunday,0,24
2025-12-21,paid_social,150943.3,14.0,88282.94,Sunday,0,24
2025-12-21,referral,39567.0,7.0,29742.16,Sunday,0,24
2025-12-21,search,191343.17,40.0,259978.0,Sunday,0,24
2025-12-22,email,15242.310000000001,17.0,151409.74,Monday,0,24
2025-12-22,organic,4103.21,7.0,28848.920000000002,Monday,0,24
2025-12-22,paid_social,130834.66,8.0,22973.98,Monday,0,24
2025-12-22,referral,26777.25,5.0,26446.39,Monday,0,24
2025-12-22,search,146416.58,16.0,120795.09,Monday,0,24
2025-12-23,email,17550.19,20.0,120066.04000000001,Tuesday,0,24
2025-12-23,organic,3939.85,12.0,32356.940000000002,Tuesday,0,24
2025-12-23,paid_social,123809.93,14.0,92705.88,Tuesday,0,24
2025-12-23,referral,29625.09,6.0,54024.92,Tuesday,0,24
2025-12-23,search,164263.0,28.0,200644.49,Tuesday,0,24
2025-12-24,email,14269.8,15.0,81081.05,Wednesday,0,24
2025-12-24,organic,4338.889999999999,6.0,43501.57000000001,Wednesday,0,24
2025-12-24,paid_social,109393.17,13.0,75069.31999999999,Wednesday,0,24
2025-12-24,referral,32179.79,4.0,25244.29,Wednesday,0,24
2025-12-24,search,153078.38999999998,32.0,242467.77000000002,Wednesday,0,24
2025-12-25,email,18587.01,15.0,93809.22,Thursday,0,24
2025-12-25,organic,4881.9,11.0,72188.92,Thursday,0,24
2025-12-25,paid_social,112267.57,8.0,57275.979999999996,Thursday,0,24
2025-12-25,referral,30068.34,4.0,24760.590000000004,Thursday,0,24
2025-12-25,search,149892.87,39.0,282428.4,Thursday,0,24
2025-12-26,email,22912.01,26.0,150611.38,Friday,1,25
2025-12-26,organic,5428.07,18.0,134276.89,Friday,1,25
2025-12-26,paid_social,150804.07,28.0,173841.91,Friday,1,25
2025-12-26,referral,40084.49,9.0,46888.659999999996,Friday,1,25
2025-12-26,search,198363.13,43.0,261939.06,Friday,1,25
2025-12-27,email,24847.02,26.0,159446.03,Saturday,1,25
2025-12-27,organic,6184.79,14.0,82788.07,Saturday,1,25
2025-12-27,paid_social,207165.64,30.0,158092.29,Saturday,1,25
2025-12-27,referral,45520.15,12.0,44528.36,Saturday,1,25
2025-12-27,search,251118.21,37.0,231800.95,Saturday,1,25
2025-12-28,email,28156.38,23.0,132084.22,Sunday,1,25
2025-12-28,organic,6794.99,13.0,79615.49,Sunday,1,25
2025-12-28,paid_social,211202.07,32.0,189505.56,Sunday,1,25
2025-12-28,referral,50894.520000000004,11.0,69711.33,Sunday,1,25
2025-12-28,search,220957.51,35.0,209160.49,Sunday,1,25
2025-12-29,email,21724.64,25.0,146609.45,Monday,1,25
2025-12-29,organic,5855.7,19.0,98213.51,Monday,1,25
2025-12-29,paid_social,160088.63,24.0,121263.99,Monday,1,25
2025-12-29,referral,35592.49,3.0,12800.57,Monday,1,25
2025-12-29,search,207382.73,47.0,299317.67,Monday,1,25
2025-12-30,email,23898.03,23.0,142594.75,Tuesday,1,25
2025-12-30,organic,5167.05,12.0,72640.57,Tuesday,1,25
2025-12-30,paid_social,175114.47,21.0,110771.96,Tuesday,1,25
2025-12-30,referral,37039.01,8.0,31042.61,Tuesday,1,25
2025-12-30,search,213748.97,40.0,245722.78,Tuesday,1,25
2025-12-31,email,21965.92,25.0,167061.46,Wednesday,1,25
2025-12-31,organic,5192.88,16.0,102224.34999999999,Wednesday,1,25
2025-12-31,paid_social,146348.06,22.0,289837.44,Wednesday,1,25
2025-12-31,referral,29811.19,17.0,116302.96,Wednesday,1,25
2025-12-31,search,191542.32,40.0,276345.77,Wednesday,1,25
2026-01-01,email,18657.11,14.0,85310.53,Thursday,1,25
2026-01-01,organic,6162.3,12.0,84734.17,Thursday,1,25
2026-01-01,paid_social,151086.95,23.0,97221.73999999999,Thursday,1,25
2026-01-01,referral,34561.88,7.0,58391.23,Thursday,1,25
2026-01-01,search,173693.09,43.0,279800.91,Thursday,1,25
2026-01-02,email,18845.47,17.0,109425.73,Friday,0,26
2026-01-02,organic,4455.04,9.0,56254.490000000005,Friday,0,26
2026-01-02,paid_social,145193.19,15.0,66585.19,Friday,0,26
2026-01-02,referral,30621.5,5.0,23305.2,Friday,0,26
2026-01-02,search,149198.24,31.0,186019.16999999998,Friday,0,26
2026-01-03,email,21165.9,21.0,125009.34,Saturday,0,26
2026-01-03,organic,5006.15,7.0,32269.820000000003,Saturday,0,26
2026-01-03,paid_social,146119.54,2.0,12558.99,Saturday,0,26
2026-01-03,referral,33227.67,8.0,51992.61,Saturday,0,26
2026-01-03,search,192710.02000000002,24.0,178266.45,Saturday,0,26
2026-01-04,email,21554.25,11.0,83627.82,Sunday,0,26
2026-01-04,organic,5005.21,10.0,76286.72,Sunday,0,26
2026-01-04,paid_social,149226.64,12.0,92854.5,Sunday,0,26
2026-01-04,referral,40603.65,11.0,78481.31999999999,Sunday,0,26
2026-01-04,search,180968.74,28.0,216501.34,Sunday,0,26
2026-01-05,email,18397.37,23.0,127255.54999999999,Monday,0,26
2026-01-05,organic,3624.9500000000003,12.0,81142.74,Monday,0,26
2026-01-05,paid_social,132525.63,12.0,58864.8,Monday,0,26
2026-01-05,referral,28475.12,6.0,38176.74,Monday,0,26
2026-01-05,search,185493.79,27.0,169498.37,Monday,0,26
2026-01-06,email,15194.93,14.0,62988.93,Tuesday,0,26
2026-01-06,organic,4784.41,6.0,37509.77,Tuesday,0,26
2026-01-06,paid_social,110530.05,15.0,77166.67,Tuesday,0,26
2026-01-06,referral,30116.0,9.0,51150.17999999999,Tuesday,0,26
2026-01-06,search,165337.73,28.0,178819.31,Tuesday,0,26
2026-01-07,email,16712.6,17.0,103886.8,Wednesday,0,26
2026-01-07,organic,4748.66,5.0,35306.44,Wednesday,0,26
2026-01-07,paid_social,100285.01,8.0,44154.78,Wednesday,0,26
2026-01-07,referral,28876.2,5.0,24912.26,Wednesday,0,26
2026-01-07,search,170620.49,19.0,121998.85,Wednesday,0,26
2026-01-08,email,17653.38,7.0,54885.83,Thursday,0,26
2026-01-08,organic,4959.63,15.0,104982.54000000001,Thursday,0,26
2026-01-08,paid_social,139124.63,14.0,65605.9,Thursday,0,26
2026-01-08,referral,34520.19,5.0,26862.18,Thursday,0,26
2026-01-08,search,156763.14,42.0,256810.39,Thursday,0,26
2026-01-09,email,19380.79,11.0,70458.17,Friday,0,27
2026-01-09,organic,4836.98,11.0,57227.740000000005,Friday,0,27
2026-01-09,paid_social,129988.82,19.0,133382.99,Friday,0,27
2026-01-09,referral,33804.8,8.0,71296.32,Friday,0,27
2026-01-09,search,147574.37,26.0,184480.06,Friday,0,27
2026-01-10,email,21655.82,10.0,62956.47,Saturday,0,27
2026-01-10,organic,4670.01,15.0,62301.95,Saturday,0,27
2026-01-10,paid_social,153174.56,18.0,138933.56,Saturday,0,27
2026-01-10,referral,36376.58,5.0,27706.68,Saturday,0,27
2026-01-10,search,167147.47,34.0,227987.77,Saturday,0,27
2026-01-11,email,20032.190000000002,20.0,129624.33000000002,Sunday,0,27
2026-01-11,organic,4831.92,11.0,63898.649999999994,Sunday,0,27
2026-01-11,paid_social,156108.49,7.0,47669.28,Sunday,0,27
2026-01-11,referral,37393.79,7.0,35651.78,Sunday,0,27
2026-01-11,search,211185.11000000002,41.0,279191.4,Sunday,0,27
2026-01-12,email,18559.78,15.0,103200.86,Monday,0,27
2026-01-12,organic,4437.62,9.0,74010.04000000001,Monday,0,27
2026-01-12,paid_social,145193.1,16.0,114295.57,Monday,0,27
2026-01-12,referral,32062.49,8.0,46211.49,Monday,0,27
2026-01-12,search,144601.66,28.0,257557.02000000002,Monday,0,27
2026-01-13,email,16235.9,14.0,68461.97,Tuesday,0,27
2026-01-13,organic,4988.7,5.0,26817.16,Tuesday,0,27
2026-01-13,paid_social,134881.25,13.0,77469.39,Tuesday,0,27
2026-01-13,referral,30836.35,3.0,11300.119999999999,Tuesday,0,27
2026-01-13,search,151259.91,35.0,318024.93,Tuesday,0,27
2026-01-14,email,20311.33,8.0,61834.46,Wednesday,0,27
2026-01-14,organic,4759.1900000000005,11.0,71645.16,Wednesday,0,27
2026-01-14,paid_social,135236.85,23.0,112032.22,Wednesday,0,27
2026-01-14,referral,29007.34,8.0,59714.77,Wednesday,0,27
2026-01-14,search,145965.79,29.0,198282.97,Wednesday,0,27
2026-01-15,email,18358.37,17.0,102596.99,Thursday,0,27
2026-01-15,organic,4373.17,9.0,45897.83,Thursday,0,27
2026-01-15,paid_social,140775.47999999998,14.0,90648.19,Thursday,0,27
2026-01-15,referral,36358.69,4.0,24542.92,Thursday,0,27
2026-01-15,search,165137.83,25.0,158937.33000000002,Thursday,0,27
2026-01-16,email,21207.43,12.0,85413.56,Friday,0,28
2026-01-16,organic,4531.8,6.0,37048.22,Friday,0,28
2026-01-16,paid_social,146591.14,15.0,112909.31,Friday,0,28
2026-01-16,referral,31940.59,3.0,21581.2,Friday,0,28
2026-01-16,search,180756.59,29.0,184851.74,Friday,0,28
2026-01-17,email,19660.01,8.0,61305.560000000005,Saturday,0,28
2026-01-17,organic,4995.6900000000005,8.0,66531.46,Saturday,0,28
2026-01-17,paid_social,159020.4,21.0,115303.0,Saturday,0,28
2026-01-17,referral,36555.99,7.0,40761.8,Saturday,0,28
2026-01-17,search,183886.62,43.0,301055.23,Saturday,0,28
2026-01-18,email,20869.77,16.0,91242.38,Sunday,0,28
2026-01-18,organic,5302.53,10.0,56560.7,Sunday,0,28
2026-01-18,paid_social,157113.78,16.0,96864.49,Sunday,0,28
2026-01-18,referral,32292.260000000002,8.0,58953.490000000005,Sunday,0,28
2026-01-18,search,189253.57,30.0,187328.45,Sunday,0,28
2026-01-19,email,18477.16,17.0,120238.24,Monday,0,28
2026-01-19,organic,4061.82,7.0,31532.88,Monday,0,28
2026-01-19,paid_social,144578.01,11.0,62784.29,Monday,0,28
2026-01-19,referral,33622.28,1.0,4253.0,Monday,0,28
2026-01-19,search,145860.95,38.0,251330.48,Monday,0,28
2026-01-20,email,19066.42,11.0,70682.56,Tuesday,0,28
2026-01-20,organic,4733.82,9.0,65624.09,Tuesday,0,28
2026-01-20,paid_social,144152.32,14.0,231792.5,Tuesday,0,28
2026-01-20,referral,30746.29,9.0,46385.46,Tuesday,0,28
2026-01-20,search,130217.51,25.0,147657.4,Tuesday,0,28
2026-01-21,email,18515.6,26.0,194137.55,Wednesday,0,28
2026-01-21,organic,4923.59,12.0,73238.62999999999,Wednesday,0,28
2026-01-21,paid_social,125098.97,9.0,40539.740000000005,Wednesday,0,28
2026-01-21,referral,30847.32,5.0,26377.09,Wednesday,0,28
2026-01-21,search,167313.43,34.0,207493.47,Wednesday,0,28
2026-01-22,email,18308.85,11.0,57184.350000000006,Thursday,0,28
2026-01-22,organic,4730.77,11.0,87883.72,Thursday,0,28
2026-01-22,paid_social,120281.72,16.0,99695.42000000001,Thursday,0,28
2026-01-22,referral,31357.23,5.0,32742.909999999996,Thursday,0,28
2026-01-22,search,174104.49,32.0,317967.04000000004,Thursday,0,28
2026-01-23,email,16281.28,7.0,55699.19,Friday,0,29
2026-01-23,organic,4410.8099999999995,8.0,37109.87,Friday,0,29
2026-01-23,paid_social,167854.88999999998,14.0,70618.42,Friday,0,29
2026-01-23,referral,30203.38,7.0,32816.64,Friday,0,29
2026-01-23,search,164055.88,23.0,159053.08000000002,Friday,0,29
2026-01-24,email,19152.49,9.0,51711.97,Saturday,0,29
2026-01-24,organic,5026.56,16.0,189487.51,Saturday,0,29
2026-01-24,paid_social,146840.07,12.0,64125.9,Saturday,0,29
2026-01-24,referral,36008.29,6.0,32249.54,Saturday,0,29
2026-01-24,search,169772.33,37.0,248413.97999999998,Saturday,0,29
2026-01-25,email,18954.02,11.0,79909.6,Sunday,0,29
2026-01-25,organic,5473.62,13.0,59940.45,Sunday,0,29
2026-01-25,paid_social,166034.83000000002,17.0,64187.1,Sunday,0,29
2026-01-25,referral,36362.31,8.0,30340.440000000002,Sunday,0,29
2026-01-25,search,192862.59,43.0,303588.31,Sunday,0,29
2026-01-26,email,19130.59,13.0,75759.99,Monday,0,29
2026-01-26,organic,4486.34,14.0,81824.58,Monday,0,29
2026-01-26,paid_social,116765.77,10.0,65812.25,Monday,0,29
2026-01-26,referral,30164.339999999997,5.0,11705.28,Monday,0,29
2026-01-26,search,189468.74,30.0,216217.55000000002,Monday,0,29
2026-01-27,email,18738.05,17.0,105643.6,Tuesday,0,29
2026-01-27,organic,4267.76,6.0,34213.58,Tuesday,0,29
2026-01-27,paid_social,134654.87,18.0,113468.94,Tuesday,0,29
2026-01-27,referral,30694.84,6.0,24781.190000000002,Tuesday,0,29
2026-01-27,search,156208.05,30.0,199539.77,Tuesday,0,29
2026-01-28,email,18011.16,11.0,80201.78,Wednesday,0,29
2026-01-28,organic,3911.05,8.0,62038.89,Wednesday,0,29
2026-01-28,paid_social,130233.92,14.0,80239.37,Wednesday,0,29
2026-01-28,referral,29967.879999999997,3.0,16380.12,Wednesday,0,29
2026-01-28,search,163006.22,39.0,218665.86,Wednesday,0,29
2026-01-29,email,16131.5,7.0,44366.97,Thursday,0,29
2026-01-29,organic,4974.37,8.0,39646.55,Thursday,0,29
2026-01-29,paid_social,142840.44,13.0,70345.81,Thursday,0,29
2026-01-29,referral,25443.75,4.0,20970.75,Thursday,0,29
2026-01-29,search,152120.02,28.0,203944.6,Thursday,0,29
2026-01-30,email,17937.16,16.0,106307.83,Friday,0,30
2026-01-30,organic,5235.51,11.0,81682.34999999999,Friday,0,30
2026-01-30,paid_social,137895.5,11.0,49943.829999999994,Friday,0,30
2026-01-30,referral,30629.32,2.0,22353.18,Friday,0,30
2026-01-30,search,164562.52000000002,27.0,186435.53,Friday,0,30
